瘤开,朝楼,芭贰扒荐
辆肺备,201901,51
辆肺备,201902,56
辆肺备,201903,78
辆肺备,201904,64
辆肺备,201905,43
辆肺备,201906,55
辆肺备,201907,75
辆肺备,201908,83
辆肺备,201909,63
辆肺备,201910,79
辆肺备,201911,115
辆肺备,201912,204
辆肺备,202001,194
辆肺备,202002,91
辆肺备,202003,104
辆肺备,202004,55
辆肺备,202005,68
辆肺备,202006,106
辆肺备,202007,173
辆肺备,202008,80
辆肺备,202009,57
辆肺备,202010,51
辆肺备,202011,100
辆肺备,202012,102
堡柳备,201901,82
堡柳备,201902,41
堡柳备,201903,60
堡柳备,201904,133
堡柳备,201905,561
堡柳备,201906,296
堡柳备,201907,224
堡柳备,201908,355
堡柳备,201909,289
堡柳备,201910,299
堡柳备,201911,300
堡柳备,201912,317
堡柳备,202001,192
堡柳备,202002,163
堡柳备,202003,123
堡柳备,202004,99
堡柳备,202005,116
堡柳备,202006,180
堡柳备,202007,438
堡柳备,202008,248
堡柳备,202009,591
堡柳备,202010,164
堡柳备,202011,367
堡柳备,202012,205
包厩备,201901,95
包厩备,201902,105
包厩备,201903,94
包厩备,201904,161
包厩备,201905,158
包厩备,201906,188
包厩备,201907,468
包厩备,201908,470
包厩备,201909,423
包厩备,201910,316
包厩备,201911,396
包厩备,201912,468
包厩备,202001,1301
包厩备,202002,347
包厩备,202003,446
包厩备,202004,289
包厩备,202005,152
包厩备,202006,443
包厩备,202007,487
包厩备,202008,275
包厩备,202009,404
包厩备,202010,227
包厩备,202011,195
包厩备,202012,368
